{"min": [-0.512239, -0.501157, -0.982643], "max": [0.504444, 0.354658, 0.904324]}